,A,B,C,D
2000-01-01,0.8769914317946079,0.46415783613840184,-0.3298992906567667,0.17402684130524868
2000-01-02,1.3669446814232935,-0.10662733164402044,-1.2471278426484287,-0.12799622734040286
2000-01-03,-0.5119690655905931,-1.850716208776692,-0.3650580364799938,-0.27396174680007795
2000-01-04,-1.0727438135477636,-2.1695727917866687,1.0162069630560635,0.9243992952484887
2000-01-05,-1.1282488662072712,-1.3596718896152256,-0.09209835722988102,1.6652548220956223
2000-01-06,-1.7368152723884729,0.082085263500288,1.883483699386354,1.2871125021619616
2000-01-07,-1.8754557429817367,-0.15469377100982362,2.302211077376399,-0.9596721935452635
2000-01-08,-4.203168210722499,-1.3932424531948508,1.2269488381074065,0.006304726610827482
2000-01-09,-2.76518796088116,-2.550015492589786,1.6031233726337097,1.30211576873134
2000-01-10,-2.207168184711871,-3.8353372613221115,0.750659444153741,1.1372935675299796
2000-01-11,-1.661073042517494,-3.7368163917816606,0.5421452376652206,-0.24804022646455381
2000-01-12,-1.175124059232717,-4.05609266856665,0.17719133650521107,0.8905621214561983
2000-01-13,-3.403814236219536,-3.4817705326937567,-0.5261853274381578,1.506493969024122
2000-01-14,-2.50160072874257,-3.830231280725922,-0.07882700452461616,1.7524426419667476
2000-01-15,-3.579289870035783,-3.699886161731744,-0.2862845815032561,2.2070560241287143
2000-01-16,-3.538242100732117,-3.154228052347147,-1.7002934090933732,1.6659630489597927
2000-01-17,-4.446864671185208,-5.338558186986486,-1.3192412211462257,1.2707599957603177
2000-01-18,-5.141514617030421,-4.3525034234735855,-1.4821579748687799,0.7774299200593308
2000-01-19,-3.831819347717504,-3.8546219568571987,-2.4257260173790427,0.8237217669797808
2000-01-20,-3.6374990752460024,-3.858463462635515,-2.0302693834353525,-0.286410495574159
2000-01-21,-2.419306335799016,-4.521222075781842,-2.7426576278087067,0.5425116693296366
2000-01-22,-4.266469930799474,-4.18685473371071,-1.9512492473868468,-0.4170650372305429
2000-01-23,-3.12115322894834,-4.1742694818845045,-1.4879697070955682,-1.1328075348782098
2000-01-24,-2.775244462199037,-4.408744075080602,-0.2974786308744899,-1.1611253872353846
2000-01-25,0.3768015685562651,-3.22686721088979,-0.5457628000949185,-0.5768622194565286
2000-01-26,0.13145348278103225,-4.539319026261566,-2.1348652589410237,-1.5111762310636978
2000-01-27,1.1687471219103438,-5.730932922573818,-0.4353463426910047,-1.1183149213074
2000-01-28,2.255603397519489,-5.744495343377303,-2.9905437338234746,-1.867647303076741
2000-01-29,4.147270023803077,-4.180074393642203,-1.8203952329203028,-1.2688406168812774
2000-01-30,4.39015980465872,-4.454707139133704,-1.1902047172230228,-1.1098463007550259
2000-01-31,4.629519057157418,-4.855346292195535,-0.42355044927983476,-1.3277718096229592
2000-02-01,4.127098184522476,-4.106043683069531,0.3306269308422476,-0.32558767810714717
2000-02-02,4.4449060615159235,-4.4061742081917386,0.42272129290956517,-1.682614935844923
2000-02-03,4.996339262943534,-4.134693464423663,-0.16610566276322958,-1.281819747689268
2000-02-04,5.603808213144189,-2.65660727292824,0.6070296987967437,-2.135139865377929
2000-02-05,7.049922428796499,-2.6953484105454506,-0.32084085632902903,-1.2039474702264035
2000-02-06,5.880128078024075,-3.1951795154010343,0.32688075256749616,-1.1940854913603016
2000-02-07,4.982592157812568,-3.363440986629565,1.1609371114230131,-1.7289356069475112
2000-02-08,3.3419665676149646,-2.7870478082521175,1.8332159804646428,-1.4940697170122277
2000-02-09,3.694443375954324,-4.436932116256034,2.797900481844482,-2.5496973220086585
2000-02-10,2.3645989698799488,-5.580647691803561,2.0531812774488754,-3.0190829430687476
2000-02-11,3.0625501991065276,-5.161755927558301,2.8138478711778676,-4.229687379209924
2000-02-12,2.9768936044484713,-5.504801805473669,2.771409938997964,-4.017588608025261
2000-02-13,3.9147538466106035,-4.007801984582592,1.440434814721978,-4.500577781946311
2000-02-14,2.5585093791079982,-4.0243362933139,2.1028695859412245,-4.196328490783672
2000-02-15,3.359418916302891,-3.7512428493872108,-0.20225919887110066,-4.416566062680961
2000-02-16,2.6517660928428675,-3.1783281376780264,-0.5244573314696453,-4.735750023662961
2000-02-17,3.0411435448030777,-3.374734630040945,0.9720644265971118,-5.773857678725415
2000-02-18,3.0814413701637156,-3.4789620239460284,1.1988695539162018,-5.865538779619031
2000-02-19,1.7600198726692,-2.8670185607723573,1.7485340100433073,-6.320222836097895
2000-02-20,0.5969006560548717,-4.024366776035893,0.8734901046923271,-6.492722004623525
2000-02-21,1.5991306926499838,-3.2607485253885153,1.9376021321391648,-7.0363414854371324
2000-02-22,2.432792726741344,-2.6683097286027797,2.709049762432756,-7.756316568389949
2000-02-23,2.411240063694336,-1.3645348484228883,2.0384398962060306,-8.388015842527407
2000-02-24,2.473104857975695,0.8686159815741261,1.8734116609011877,-8.574129105455524
2000-02-25,3.2274770756882787,0.4991522081147237,1.4652761673316266,-7.5733039631619725
2000-02-26,3.0915587914926115,-0.37497678887328656,2.3342763979326366,-7.414756371569366
2000-02-27,4.029614508070523,-1.8549291422956649,3.3037903332869707,-6.803024926262833
2000-02-28,1.6632854694149568,-0.9922481334026386,3.1331541471229722,-5.311078974090911
2000-02-29,2.0997763074230544,-0.44382505661183913,2.211756793655873,-5.560061354976404
2000-03-01,2.4231480540793893,-0.6242512857752047,2.2422547712547005,-5.902476938052274
2000-03-02,3.242633751920291,-0.21783534599772159,4.18295123797666,-6.298308987366023
2000-03-03,2.034424204614013,-0.6092808688770138,3.2206138052059154,-6.504974664548991
2000-03-04,2.6421102824039973,-0.6385724328028064,2.589991515314211,-6.80386271765241
2000-03-05,4.648782709698338,-1.7156726850524986,2.4249748177499777,-5.634362505678094
2000-03-06,5.002432424304276,-1.5578028052972979,1.9772041631299455,-4.226396829828727
2000-03-07,7.087443374817546,-2.3533213054024658,1.7424128816904445,-4.298456952680992
2000-03-08,5.286364514654812,-2.3357671705630474,0.7247418697904229,-3.9290333573443226
2000-03-09,4.09200715028769,-1.1115713191067584,0.5068948659667997,-4.520159443147958
2000-03-10,2.675113528747442,-0.3157472484114514,1.8525635647957133,-4.026842226566108
2000-03-11,2.963862660087133,-0.9149303542554134,3.226808566306048,-4.719221540291686
2000-03-12,4.400993316480873,-2.0971481135452117,4.237188128157727,-3.7686076658860124
2000-03-13,4.496718213560694,-2.3367048496549234,2.3007744486325814,-3.2059137109487863
2000-03-14,3.0235867859800454,-1.599195089889228,3.995454241849758,-2.984419288005456
2000-03-15,4.638639695682052,-3.1439778478925913,3.892427836973936,-3.1703667835729834
2000-03-16,3.1564856970059316,-4.193734358797762,4.140088507075271,-2.9541182269839124
2000-03-17,3.945320345298435,-4.189640028900212,3.62555061965222,-3.413235640063758
2000-03-18,6.167461761993856,-5.571932201482632,2.384639063358618,-4.811182709691971
2000-03-19,6.477955821682689,-5.759509706763083,3.2248375142958516,-3.042353630003717
2000-03-20,7.700702979318362,-3.746930675459135,1.9609967672201698,-3.382418773538597
2000-03-21,8.299915869296623,-3.9641103273588505,3.6167804903235026,-4.094848727562012
2000-03-22,6.143776555920532,-4.171519240957275,4.611766564094872,-4.785066648321528
2000-03-23,5.6347575052910255,-4.630980873473597,5.2875725629181005,-5.4821694212045795
2000-03-24,6.694888710452557,-4.348312293201239,6.49617096700808,-5.61605376517321
2000-03-25,6.289457518545577,-3.9908249828710383,5.040374409214634,-5.2129806806873615
2000-03-26,6.691127640644144,-3.6732768407095935,4.277604293780248,-5.453859526119623
2000-03-27,6.647260551550992,-3.200714275536958,4.5860650609684726,-4.968084424986254
2000-03-28,6.989406517882868,-1.8283887096300409,3.631804021147603,-5.333707671189241
2000-03-29,5.905071116843914,-2.2800610897084295,4.048602993080064,-3.0440855359475707
2000-03-30,7.512121233099487,-2.6109032566113335,2.3422654223991155,-3.3910602863457866
2000-03-31,8.249354118025755,-4.634372234332641,2.1274070810852943,-2.357917744875299
2000-04-01,7.302599899627392,-5.484452058023871,1.2633756813281964,-3.5085001390723054
2000-04-02,6.8839459191803165,-4.141584745521625,0.4588847293318956,-2.766642259501509
2000-04-03,8.026127765311653,-5.1190144264744,2.6986736548889954,-3.0988040076141967
2000-04-04,7.645509413760487,-3.926603690079828,1.7327134140773843,-3.817478571724408
2000-04-05,5.345591784483904,-2.5544001372459344,-0.13853932496817167,-2.2810775632499736
2000-04-06,4.696560646520648,-2.203953461346864,-0.43653749316373475,-3.309962287981511
2000-04-07,4.1941686443414845,-2.3790315424936033,-0.034278102189476356,-4.1239531321414935
2000-04-08,3.8701194989475916,-1.4144758529583379,-1.1569977230918331,-2.9128403959606923
2000-04-09,3.8639889942003722,-4.061025368210716,-0.6806955426704415,-3.8880005283719092
2000-04-10,2.977952249018823,-2.7959466854549895,0.28457241313558945,-3.7619765763438013
2000-04-11,2.1973932102590203,-2.6823064268622825,0.20729427380029547,-5.007789141373026
2000-04-12,2.03009752647993,-2.763910400748443,-1.3953161576042221,-4.315867305967283
2000-04-13,2.698981251214383,-1.6765167544951163,-1.8613457169114302,-5.662783916610043
2000-04-14,3.160882292678987,-1.83154627807825,-0.4911937300926217,-3.905431773518912
2000-04-15,4.255780422949555,1.5643812685015934,-2.220128032239515,-3.1478643312662697
2000-04-16,4.168148621582387,1.7628265897863438,-1.7592206650172852,-3.9954175925452127
2000-04-17,3.649786747227874,2.0496733474523063,-1.4997825101531057,-3.526728126878617
2000-04-18,5.372928092622265,1.275860882453408,-1.7070039720543826,-2.802299934333002
2000-04-19,3.038402585904388,0.28697886229470226,-0.6615641464971023,-4.102514016531078
2000-04-20,1.158411120209182,0.27827627844434505,1.4322194939947779,-4.596711807102391
2000-04-21,0.6807325591932736,1.0264622240994208,1.6970387399634252,-1.7227287929539559
2000-04-22,1.4910850259319894,0.9604342095742117,2.8190770477530664,-3.280888502544169
2000-04-23,0.17357418599878938,0.9871677009949997,2.063844934525366,-3.103692496084781
2000-04-24,-0.3826885673349537,0.6977390024475828,1.5582231707673055,-3.0364618145680997
2000-04-25,-1.0356606479371848,0.37876599007515915,0.1161776079950243,-3.188249462439274
2000-04-26,1.3575902355429386,-0.33744138476685653,-1.3934004032292897,-2.038246005238072
2000-04-27,0.2310573993204359,-0.01441704294151791,-1.7262353732144131,-2.745768140248688
2000-04-28,0.09859738335209098,1.9736620132061784,-3.414675463689906,-2.678942684207564
2000-04-29,0.3493682217377436,1.5850443500326656,-3.4304866388111868,-2.39893574179386
2000-04-30,0.6291654853733601,1.0214126242476285,-2.6272204335464147,-3.4331474605066226
2000-05-01,1.6725489168020988,1.3849065207217917,-2.544294479705315,-3.274692533659464
2000-05-02,0.29818608436660066,1.009888718305593,-1.28111500804134,-3.828158772077993
2000-05-03,-0.6488043607858255,-0.48751174208144943,-2.90875466309994,-2.511740661283151
2000-05-04,0.831857079025473,-0.9043171062127204,-2.147376935001108,-3.762662409587679
2000-05-05,1.3815499578859127,-2.1642790651166663,-2.3067459446287506,-2.4427352617619045
2000-05-06,1.2545732139877954,-2.3794780902835955,-0.6591996525912178,-0.3279246414028125
2000-05-07,1.5117215907110286,-1.1807675046697872,-0.3632588392478301,0.16826168238018085
2000-05-08,0.6340958774776784,-0.7740785244821535,1.1072091468514134,-0.6411483631379307
2000-05-09,1.80186733599217,0.660448335067443,1.961988444649581,0.37195721972486484
2000-05-10,2.679551270183338,1.2477536330603465,2.4733969621011958,-0.33214540640086554
2000-05-11,4.136066970291713,2.3437045604629447,1.5339954579822792,1.1278210947443474
2000-05-12,4.542638216354787,1.8111162478192688,2.312655763012028,2.8043397790320324
2000-05-13,2.7392207456082263,3.1806059513379443,2.134965530280292,3.176553382632752
2000-05-14,1.9300869938896297,3.0544096576201762,3.334905027570104,3.569723775738055
2000-05-15,1.3198648863818243,2.6624914338465175,3.7818801819497385,4.476256931546826
2000-05-16,0.3377744748085888,3.1880311815298863,2.2885404503844873,5.043751028925916
2000-05-17,0.2841401497291799,2.7569585815046103,1.2491805828752505,6.520082843446124
2000-05-18,-0.16412633661470427,2.918653556487848,0.07104539761267192,6.619177499542559
2000-05-19,0.6210701034450596,6.722698902805792,1.7197111452356324,6.753611162787004
2000-05-20,0.3039517423024448,8.623456082379807,2.2551927979656874,5.971863889646811
2000-05-21,1.1306573053540623,9.897901604569565,3.816384498335548,4.827266383451654
2000-05-22,-0.0036266337006281013,8.661999169212795,4.213118348461998,4.225342400549549
2000-05-23,-0.6992229001433455,6.129498027668006,3.491653065580627,3.9031716618358296
2000-05-24,-2.0999459492807926,5.342040180701282,4.004031501856006,3.9628718593066448
2000-05-25,-2.5287478346199417,4.63276835029077,3.879901479713778,3.911653565312498
2000-05-26,-2.742755191653171,5.487860032849849,3.6271647552243316,4.892601975872331
2000-05-27,-2.97385295529443,5.064678019037721,1.0918548936236991,5.694684332489184
2000-05-28,-1.8526291828823316,6.0354859004047,0.5319357166212352,6.437277103161288
2000-05-29,-2.5732552476579365,5.394608895010645,1.7582966145518264,7.278953589282687
2000-05-30,-1.5440146391425822,8.72127248968761,1.2933690817515755,6.832377473441734
2000-05-31,0.2943973274710825,9.983534825310278,1.3106218392774003,7.91851787772238
2000-06-01,0.6277470478559014,9.587237624317098,-1.1009355316844092,8.021122452262714
2000-06-02,0.44285098501633713,10.496866853096813,-1.752261023949417,9.454190064919297
2000-06-03,1.019254227721643,8.95549625295177,-2.5097777999720345,10.245258501281791
2000-06-04,0.7424678552567427,9.197046100087237,-4.1862109500735585,9.28875885727646
2000-06-05,0.27842782760945156,10.30998706992638,-3.858826503484079,9.561695899742276
2000-06-06,-0.9969703716517346,9.80759650154249,-3.9298212189947694,9.254329528782653
2000-06-07,-2.940510993666039,7.601871229684546,-6.656102117282506,10.087250981420897
2000-06-08,-3.7557768369087814,7.983966159042445,-7.911144284942652,10.107696104203187
2000-06-09,-4.006740770774641,7.38083343950826,-8.680457517985086,9.808116135716151
2000-06-10,-3.712583571394519,7.612948360247309,-9.705427103792328,10.08812098993955
2000-06-11,-2.8876548665510233,7.585114716219062,-8.147325833159309,8.903373263423958
2000-06-12,-4.734620784349598,8.116754466574468,-8.5140115430737,8.476424748997943
2000-06-13,-3.8500957812391907,6.70477144360887,-9.070875129978612,8.377578504593115
2000-06-14,-4.8498264401317375,6.8747787116261625,-8.290258851410998,8.778881688772556
2000-06-15,-4.293053398353006,8.232419090059288,-9.270309045845645,7.096742374426109
2000-06-16,-7.13705248781076,8.03435621204959,-8.534501862418402,6.646560819293331
2000-06-17,-8.067455076901597,8.655476752966624,-8.4285061674563,6.246750082794403
2000-06-18,-9.167372908543777,7.991743238027955,-7.8210168278587915,5.041876951087315
2000-06-19,-7.688818882803806,10.55508417786778,-7.950528302979416,2.8724013090770026
2000-06-20,-7.8226659769200095,12.02529698635762,-7.741028380930108,3.0043596342355503
2000-06-21,-8.352381642845064,11.087417889543607,-7.328024854628054,2.311258608357308
2000-06-22,-8.187316711842502,11.734342335016187,-6.2276573988143555,0.8529203863237234
2000-06-23,-9.13334418604836,11.499676018143006,-7.097129198504875,1.388637551788614
2000-06-24,-11.446987135047564,10.713426614064362,-5.563801948040473,3.1705597813191897
2000-06-25,-10.49341670986965,9.70413252718042,-4.105872044080659,3.4676528947959095
2000-06-26,-9.63607984636539,10.925259500173745,-5.311091749410354,5.324017079151716
2000-06-27,-9.056109948174557,9.212862294404488,-6.324551182993726,4.135969844278559
2000-06-28,-9.75135876845308,8.032357939932453,-5.626140806930538,4.968633770111851
2000-06-29,-8.68085432664452,8.22889586523434,-7.261301396563114,5.2298324123574025
2000-06-30,-8.550218950655673,7.43765728007895,-6.402603523376315,6.238643602197695
2000-07-01,-8.848196145421463,6.586843717211172,-6.916149625046419,5.791100517646813
2000-07-02,-9.887392652644946,5.955646860015647,-7.153294439087194,5.722605061005665
2000-07-03,-9.30122761895259,6.1596548156008595,-7.373901460955175,5.686238809069618
2000-07-04,-9.698450186420828,8.487463960895901,-7.021250029015089,4.24178261897383
2000-07-05,-8.604934847984763,7.754954756080416,-7.9590369807896275,5.632311905046921
2000-07-06,-9.668725962814262,7.6100152208615635,-7.3461853193676605,6.834881381929561
2000-07-07,-10.375780032261043,7.234829236708448,-9.478728810367512,7.0910623821113425
2000-07-08,-9.818153736831174,7.855295286151536,-8.860523613637401,7.036261498438566
2000-07-09,-8.539650161653315,7.732943659395207,-6.0683797252534335,5.261938858294446
2000-07-10,-8.399445401356923,8.752750794638605,-5.548422714522872,5.0873291134208625
2000-07-11,-8.925104021317189,9.53595617562806,-5.790405656019025,5.242708390515237
2000-07-12,-6.043851287149148,9.826221797886305,-4.984870017055288,5.816989841140348
2000-07-13,-5.995346209243198,8.930524139016349,-4.996799898626425,5.782053380079183
2000-07-14,-4.908528751987264,8.541728981599679,-4.722185269714263,5.943038056254929
2000-07-15,-4.493674693503406,7.497242905376282,-3.080942425705925,6.319982187163697
2000-07-16,-4.12200227410797,8.599549339808817,-1.0199874497215045,5.568073273011124
2000-07-17,-3.0341655455975665,7.1975742173184685,-0.8246807116673228,6.823598773052696
2000-07-18,-2.1065072758768384,7.019556193789793,-0.6718885836045089,5.280445104795703
2000-07-19,-1.2982807692265466,7.144299422473712,-0.45386397152972174,5.370125387680216
2000-07-20,-1.8819407904674588,7.75871192456557,-2.796664805318513,5.464434226522513
2000-07-21,-2.3956922219082095,7.323167155513514,-1.0923310915171345,7.211962768343563
2000-07-22,-2.7370285373080963,7.625639940761064,-2.4415245236770016,6.791410315627391
2000-07-23,-3.1432316165553655,7.926713172981395,-0.25774915617105476,4.00137078257859
2000-07-24,-3.2379989536622147,10.07483087495024,1.8255994188664042,4.391071653772952
2000-07-25,-3.7495871113338897,11.554736834959266,1.7149795809756392,6.6453238413133855
2000-07-26,-3.339716746502279,11.154032398089166,0.8991469020985579,8.038122831068828
2000-07-27,-3.267905379157521,11.424193007392143,0.6060846463637825,6.795429031103845
2000-07-28,-3.648621670497446,11.311371051427148,0.9799434865802588,7.78922156167509
2000-07-29,-3.635824109004686,10.379558253659654,-1.28904181591118,7.539077965194016
2000-07-30,-2.4038933016404673,11.411896482798925,-0.7465068025497592,5.448915046640871
2000-07-31,-2.06126881900732,11.796438260720853,0.28631214208601485,5.147982137591552
2000-08-01,-2.8869082359602785,11.962751142841078,0.7052092640679731,5.436083220950471
2000-08-02,-3.9386885113311303,13.66783227188728,1.4359925040751187,4.044330489529843
2000-08-03,-5.517971781786658,14.846835563967764,1.4794690845309653,3.3739260787099545
2000-08-04,-3.9808965645632135,17.466317527812826,-1.3459509214167262,2.776695077013967
2000-08-05,-5.614352697465948,16.993124501742578,-3.20573716181334,3.2858033989802844
2000-08-06,-4.494277287515472,15.971063038162505,-2.053194104883564,2.762548821662383
2000-08-07,-3.473931910172424,15.6548504410447,-4.499873004688695,2.6606656121755075
2000-08-08,-2.8775970661312917,15.322622204700679,-4.404271887205886,3.151204786188911
2000-08-09,-2.6746116235431137,15.555455005548202,-2.0305780825142365,2.9227669056574435
2000-08-10,-4.273025669290743,14.643293420990954,-0.40617933742654944,3.332252963191627
2000-08-11,-5.653834135552859,13.704580268728666,0.9465261352764371,3.2741095955896267
2000-08-12,-6.347927771122517,15.004840803947612,0.5156011553566855,4.52943498651771
2000-08-13,-7.659887712311095,14.359070526573337,0.296371997383218,5.449331695621358
2000-08-14,-6.834860733784216,14.547089842623887,0.2998097426592067,5.991260844822901
2000-08-15,-6.215903541834751,14.657606666675974,-0.6052115587982759,4.490836475327665
2000-08-16,-6.416887273930655,14.973724159872207,-2.6685272434560066,6.851235041581073
2000-08-17,-6.264771535359837,13.48749956643705,-2.834908491098228,6.772119319737653
2000-08-18,-5.962284593003167,12.162917302711197,-3.5360299860178763,7.447570544704686
2000-08-19,-5.3654372412614935,11.128428150455832,-4.338237611240324,5.268877744194105
2000-08-20,-5.727197228749384,11.756637110287153,-3.978882907464924,5.500545725223887
2000-08-21,-5.657470071674542,12.358349762868109,-4.624553829640569,6.356489047857106
2000-08-22,-6.222607552540645,12.526691470700165,-4.887928285147032,5.154917204166148
2000-08-23,-5.628496383613477,11.823132154308029,-5.794702470068457,4.847725495807024
2000-08-24,-4.752714576629418,13.678877360413235,-5.502442340609594,6.535385155566449
2000-08-25,-4.594638284842573,11.544506322917172,-6.795800964400593,6.251262982282796
2000-08-26,-3.910668285546426,12.688023642681767,-7.590316050091163,4.07060903106156
2000-08-27,-3.84231480869148,11.979402930063106,-8.005600657695204,2.754185295048922
2000-08-28,-4.235811762441519,11.067765917124134,-8.819885879258358,3.194029393233255
2000-08-29,-3.9424375214707887,9.780423280478196,-10.27372551712726,1.7642516198350882
2000-08-30,-2.7473501862315546,10.395230845383573,-9.897183510096651,2.421445870551023
2000-08-31,-3.9729852619584185,10.61914155587107,-10.737531732565664,3.1004656760662743
2000-09-01,-4.339875531831014,10.071285251264426,-10.32399182907203,3.4453869376822674
2000-09-02,-3.0081453176443063,10.443555489853907,-10.472166596549847,2.5746391449627124
2000-09-03,-4.037524575506571,11.415157139134068,-9.53476466636037,3.2331278821306366
2000-09-04,-3.0148924607272876,13.23279244683322,-9.307051496910926,4.2628484784602065
2000-09-05,-0.38772494739664864,10.307417541610647,-10.270703313132866,3.910714788656806
2000-09-06,-0.8641260358564311,10.130300441790318,-10.997120579353082,4.817652493533769
2000-09-07,-1.1889174694327642,10.433289079409072,-12.461982820927151,4.058436659995785
2000-09-08,-2.97244261526724,9.741788927611118,-11.569711102759873,4.530686438823344
2000-09-09,-3.160370941672762,10.876310388416,-11.436534891302083,4.793093865287735
2000-09-10,-2.7912443137499863,11.397100928005015,-12.004491767240408,3.726739886662596
2000-09-11,-4.369706191269426,11.076334821043964,-13.696700921408244,3.388730888123493
2000-09-12,-3.528206634592488,12.476999461177954,-10.852860201673701,3.464553648433983
2000-09-13,-2.136703401293878,12.352838233229349,-9.068260992950472,3.3264500834270274
2000-09-14,-2.148681332023914,12.713163847791948,-11.666904600571689,4.222646756370728
2000-09-15,-3.6551595379876956,12.399243638492363,-12.206412684162794,4.997680856858089
2000-09-16,-2.2469519104322506,12.374348863905862,-12.006490227070717,5.695022018211313
2000-09-17,-3.5073622812728775,12.87696301783781,-11.419894658606207,6.21175184301263
2000-09-18,-3.325129575248319,13.917705471794058,-12.212126372685137,4.960948036188723
2000-09-19,-2.9526725753915986,13.195554619347249,-12.508265217130491,5.185782284334887
2000-09-20,-3.7247753786777325,12.791933425100307,-11.912752323215901,4.2644702227533156
2000-09-21,-4.338986022247289,11.748106698395347,-10.531405621414434,3.157357936605237
2000-09-22,-3.962263348762422,11.195381258418116,-10.096347081046906,3.2781821321729643
2000-09-23,-3.5672232830103656,11.310414926545302,-9.942961192542917,1.8605142754449548
2000-09-24,-4.998459048027984,10.933253100950006,-11.341672726886493,3.2006338765037627
2000-09-25,-5.3148952578780815,12.362342226047806,-11.340789225332003,4.277931080562164
2000-09-26,-5.339199223150586,12.432430912959699,-11.435533039040678,4.6449382341896746
2000-09-27,-5.8327517713371435,14.136131074431912,-11.668748795113325,2.629365289816321
2000-09-28,-8.243667376933445,14.970320211432133,-9.953407441282426,2.5823514870572515
2000-09-29,-7.631365746876553,14.776812016059464,-9.954260029401029,4.245638700078284
2000-09-30,-7.549834293334209,14.672667563085533,-8.996135060315376,4.563387141515599
2000-10-01,-8.22765908097346,13.70840558478858,-9.15338402513086,4.117190208250832
2000-10-02,-7.463342384252987,14.932463974488453,-9.883680648016826,3.4264897358287083
2000-10-03,-7.4813189176205,14.68359126429986,-7.443582897547735,3.422542911386529
2000-10-04,-6.806585852066638,14.901541326237538,-7.934937907315917,4.160604386858164
2000-10-05,-7.2202876547388986,14.833143420658857,-9.359106266166904,5.322079031854914
2000-10-06,-6.996804432841232,15.56428727947584,-9.467102681982883,7.198760325574395
2000-10-07,-9.813431106824144,15.537718020585997,-8.060849829607665,7.709772748173307
2000-10-08,-9.526672033488044,15.706844118703915,-7.500944904672267,7.6936700407567455
2000-10-09,-9.45266475434987,14.966403942663872,-8.04045989613609,8.039126947306269
2000-10-10,-10.939306450001805,13.562149700640688,-9.632200015663992,8.430962842012521
2000-10-11,-9.66556453264937,15.380583773634383,-11.223283928755798,9.22894223570506
2000-10-12,-9.113986668159136,16.472677451175226,-9.781658984242108,7.064145619156221
2000-10-13,-9.248801396097608,15.792685466705755,-11.439838842687532,7.131563987947416
2000-10-14,-9.623389992559753,17.49446965784446,-11.462672292908403,7.278972751789517
2000-10-15,-9.841047576246735,17.445485217202794,-13.165395767218387,7.820791795335369
2000-10-16,-10.43471154419314,15.425950888426575,-12.245762226009441,8.081006187727496
2000-10-17,-10.999167100844232,17.20828845795363,-12.426529666965955,8.914347061384607
2000-10-18,-9.259853187433654,17.993480763882744,-11.660085905030318,7.8774623976811
2000-10-19,-9.922647464287047,18.343076175765404,-12.054227403088296,6.50036240562425
2000-10-20,-10.431633483807163,17.236865972334474,-12.373062748378072,5.826025196006987
2000-10-21,-9.933100198855431,17.237138664375223,-12.71018767801257,3.933975611812003
2000-10-22,-10.309941637057515,17.918641735361533,-11.985534291559638,2.509823555316799
2000-10-23,-9.626296345557485,18.136759006685832,-13.450490252973701,3.7800708088405894
2000-10-24,-8.97338257007408,17.82790043369854,-12.461866528625805,3.910970065064186
2000-10-25,-10.522824523975443,19.201205139997008,-13.881706928339664,4.98941260588681
2000-10-26,-11.77547725477971,17.87408051418608,-15.798328292715865,5.334987587592867
2000-10-27,-10.066265723919638,17.360637550261195,-16.195045720659326,5.324929612507711
2000-10-28,-9.20910411791803,17.17953699023733,-15.807407142779594,4.961759031445177
2000-10-29,-10.030486597465062,18.361394348926407,-15.288297602533275,4.154916872422686
2000-10-30,-9.950713818378782,17.169446040857565,-15.189326399412503,3.6347439463848956
2000-10-31,-11.370136045973965,17.42812335949545,-16.646551921140176,3.769697260758677
2000-11-01,-10.432598866995075,16.417517627298658,-16.727258498948537,2.7926371484558663
2000-11-02,-11.196876088352257,15.953818890223996,-17.2633299327463,2.5708493992131145
2000-11-03,-10.230440011614393,17.933796771088648,-16.234434490591962,1.4940663568379993
2000-11-04,-10.149360744652508,16.88423981092966,-15.945598589356369,1.568360742405161
2000-11-05,-10.101646647964708,15.906940505188068,-15.911288358600402,1.379517949543875
2000-11-06,-10.520038587086775,16.566839231951214,-14.242551761614168,2.726706333471946
2000-11-07,-9.936579561797855,17.335004593025637,-16.56749683428916,3.0978443690924826
2000-11-08,-10.134057566276573,17.07051267905404,-18.461104698826315,4.383342352344639
2000-11-09,-10.404973852131903,18.334225306587694,-17.542258967695943,4.864859867224607
2000-11-10,-10.667935267806941,18.37365295276352,-19.10822172033906,5.365711813972744
2000-11-11,-9.648695753157337,16.910984354453923,-18.73239543859535,5.2551048358121815
2000-11-12,-9.790340934011383,17.24349426461914,-19.604883767176048,5.245675126745581
2000-11-13,-8.359182355875504,16.724736163206217,-20.910558498322974,4.650773921372574
2000-11-14,-8.033106880374284,14.770587010296019,-19.775345372648957,3.9042072640698064
2000-11-15,-8.206485341270302,15.65507395752758,-18.51172304324277,2.9476762137550248
2000-11-16,-8.376295904855915,15.78435107400739,-18.67813827441598,3.347730856711172
2000-11-17,-10.114682070468497,16.421322115994172,-19.14091170080043,0.9593960978987939
2000-11-18,-8.933507369932961,17.451596729419865,-19.098318989161335,1.7253662596101589
2000-11-19,-8.159796005507973,18.659638953761295,-19.03160684827584,0.768364302292965
2000-11-20,-8.544258758773784,20.143639883206475,-20.51934504174823,0.2899406294794205
2000-11-21,-8.608600278274364,19.648076993881478,-19.83726445913091,-0.3722235622855364
2000-11-22,-8.128759653773614,20.192001367110432,-20.98442000372893,-1.2731961982225908
2000-11-23,-10.391927436814479,20.321767657313938,-20.73301243998041,-2.1623566098540534
2000-11-24,-11.852620697141026,18.96041338940059,-20.05828212717937,-2.018114318660798
2000-11-25,-11.459686998972659,19.962689974569717,-19.267018228555717,-2.6419317081550617
2000-11-26,-12.692717688300105,19.522285425663505,-18.658601182335712,-4.040080054091522
2000-11-27,-13.652361243362737,19.643753053141847,-19.51491247299909,-2.787551664378186
2000-11-28,-14.68087334569197,19.804282884737002,-20.137604473671942,-2.390591510859996
2000-11-29,-14.458105372859464,19.85282578332866,-20.63562688938938,-1.3888189099737693
2000-11-30,-15.293263030522372,18.85405052190731,-20.747446418024975,-1.2890549391128787
2000-12-01,-15.867397867233928,19.783528683148738,-20.246783766916533,-3.369017717322372
2000-12-02,-15.894211343806344,19.448084006896146,-19.52303440626308,-3.095372090395948
2000-12-03,-15.27576712180492,21.559779446306397,-18.78089211416771,-3.2276655386682807
2000-12-04,-14.78018055226752,22.520160508576556,-19.025319047129123,-3.6156146006107033
2000-12-05,-13.802155980499457,21.92092793686228,-18.36239033283066,-2.293250823760993
2000-12-06,-10.838611140811162,21.742027515641773,-17.853585983608543,-2.2216417578831034
2000-12-07,-9.786696095955806,21.343224253336118,-19.683194286559534,-2.568240088891547
2000-12-08,-10.348150634636037,20.144201889451203,-19.526280329194655,-1.9015791864478122
2000-12-09,-9.25575651216832,20.23871295302897,-19.17640187302432,-4.032419927225433
2000-12-10,-9.979316606512533,17.42098533218927,-19.28235867218055,-5.320524773335002
2000-12-11,-11.18127418554518,18.753160225941315,-18.8290528174502,-4.198241859131819
2000-12-12,-11.329479898773243,18.777825370879434,-18.349431522794156,-4.618355538447027
2000-12-13,-12.793129775115787,20.147195498021368,-19.448028883694658,-5.71548910674591
2000-12-14,-13.286524929066351,19.178434285415623,-19.230824597978057,-5.444345079069545
2000-12-15,-13.162732469633823,19.0529128979304,-17.930065954552163,-7.148210099451931
2000-12-16,-15.345192392515942,19.46127805386092,-18.640487806130153,-7.1580611565356
2000-12-17,-16.283329682590686,19.9146123449158,-18.773194183499097,-5.4260765750777225
2000-12-18,-18.37821173439143,19.78406465160713,-19.599241175498726,-5.003109392555428
2000-12-19,-18.708607395226963,19.90894331387264,-18.634947266788814,-6.152180789994575
2000-12-20,-18.744414259572746,18.563311827259227,-15.814070350793692,-5.6197268465308765
2000-12-21,-19.038217333836872,19.42807307039924,-15.990188152212655,-5.786466459035156
2000-12-22,-18.418060707978125,18.925500766546577,-16.144236398861377,-6.351809225375024
2000-12-23,-18.195447715653756,19.303065220519475,-18.168130757878625,-5.673391896667823
2000-12-24,-18.126431374049883,20.50421560106244,-19.39556727332312,-3.961324441358113
2000-12-25,-18.338590206425597,20.763794337557382,-20.861312635139544,-3.383184237294376
2000-12-26,-18.83823694763016,21.445715093066752,-19.25082393268677,-3.040525476784407
2000-12-27,-17.00609462301649,20.90717457182348,-19.37656922509605,-3.503201583105991
2000-12-28,-17.398882898147377,20.537154978686118,-19.91689462058302,-0.8665497707965071
2000-12-29,-16.63505894214132,21.285471474923845,-20.63538914988432,-1.6975965379067532
2000-12-30,-17.27566917282368,20.25035240602332,-19.89967486723458,-2.0392508494600174
2000-12-31,-17.560530889825923,20.84423218584499,-19.849897000608934,-3.1422590565591966
2001-01-01,-18.663123641772255,21.01485889180108,-18.6702098049327,-2.672912817064227
2001-01-02,-18.74109187515144,22.51192211565877,-17.726549534257476,-3.4704641808567738
2001-01-03,-19.1128977734716,20.316500928963713,-18.340074874924085,-2.8609500715904566
2001-01-04,-18.61688030326419,20.259906603124925,-16.2412478694886,-1.887369824872506
2001-01-05,-19.455474337390786,19.975803506736106,-15.279747522983893,-2.757512654976562
2001-01-06,-18.16309342669752,20.05618189115417,-17.23552379902895,-3.826604356684856
2001-01-07,-17.925226378853985,21.390948993038336,-19.040651554151708,-4.853326920205032
2001-01-08,-17.333432298281572,21.361516074868668,-19.133294287994783,-5.8144695443440995
2001-01-09,-17.426288852807605,21.697289578446366,-18.236044428613177,-7.013761482564284
2001-01-10,-13.839880696449644,21.087142021920094,-19.548367092380253,-7.784951496808951
2001-01-11,-16.658284948636123,22.70161182147295,-19.686218065569854,-6.857691414066766
2001-01-12,-16.45882794724138,21.9994828328949,-20.48840506567977,-6.942968065676224
2001-01-13,-16.248482764063237,23.160728664042974,-22.00786222442476,-7.3124791582676725
2001-01-14,-15.182286774135484,24.026669079635145,-22.864010803641353,-7.647879577932392
2001-01-15,-14.06288664877098,23.989561891929682,-20.94449491822866,-7.143261818512924
2001-01-16,-12.667619285066209,23.606594152522458,-20.423385878267098,-5.215802103743836
2001-01-17,-13.488027239252153,23.029861304619985,-20.77836612329625,-4.8992823669362195
2001-01-18,-14.504567687641606,23.211895511591088,-20.892926044807506,-4.193452935759535
2001-01-19,-14.083168118213088,24.0052187046318,-20.135156321408488,-4.1376742101610064
2001-01-20,-14.190518761872,24.821560327930904,-20.949946567701527,-3.161733693525807
2001-01-21,-12.959169554627113,24.26963757368481,-18.620020897302442,-4.102117073290638
2001-01-22,-11.692104228864347,23.093666675320588,-18.8271464290221,-2.9474881699711966
2001-01-23,-12.574925886518566,22.491962058698277,-17.739250046337837,-2.682052834135505
2001-01-24,-11.897436405977789,21.16702481224915,-18.598405552960337,-3.378852481492393
2001-01-25,-12.630616737332108,23.252146909892282,-17.43992028718116,-3.9999667522577194
2001-01-26,-13.255200381578895,23.402594469000533,-16.64628159135278,-2.817601649835611
2001-01-27,-13.755399187032394,21.6239696984439,-16.228582877718374,-3.6451820176560448
2001-01-28,-13.859970969190558,21.985022014339737,-16.55904928782632,-3.5003834883377736
2001-01-29,-12.889386281782068,22.06404844730973,-17.224187298563436,-2.2751134091232172
2001-01-30,-12.820333150686553,21.129128655307344,-18.57422869604963,-1.3040714523623602
2001-01-31,-13.88419782376647,21.456233103025568,-17.423980423866478,-3.0375124973624
2001-02-01,-14.424737296904969,20.790283408067086,-16.936502171578372,-3.9459932554646664
2001-02-02,-14.766037060530877,19.56417520898298,-17.644635566029876,-3.1424074826006865
2001-02-03,-14.260401955245491,19.58490154195215,-17.10216530738247,-2.4941341039655436
2001-02-04,-15.081331089589492,19.85535556280699,-14.864394631792802,-2.7834757953654474
2001-02-05,-14.585072614015042,19.012821185072266,-14.991821665467489,-2.6188583314875045
2001-02-06,-13.050852309022742,18.452735009690308,-12.604464827326936,-1.425450184597051
2001-02-07,-12.194349490331506,16.322352831846057,-13.097891956899817,-2.4837325726609896
2001-02-08,-11.963559278324981,18.218651243918753,-13.752241494341293,-2.75819758809687
2001-02-09,-13.621789923400428,19.889964760045096,-14.705256030188083,-0.9795256420269374
2001-02-10,-14.533163506617447,18.92806770082673,-15.844848395086572,-1.0601504513502766
2001-02-11,-13.355581592154342,18.332051138136116,-16.378946765016572,-0.1423267387637045
2001-02-12,-14.036014995890602,19.797024870478865,-16.734580711731006,-0.9545534443189552
2001-02-13,-13.940322076893795,20.172797706780067,-15.110170631744062,-0.19041829254711218
2001-02-14,-13.796014514168672,18.883069150401006,-12.02282484111327,-0.5152955733459922
2001-02-15,-13.595795237232192,19.320466474670965,-10.617945514933325,-0.5353088721244664
2001-02-16,-14.787775703550158,18.621860735648568,-11.12433584178126,-2.3779076474238265
2001-02-17,-15.224378213349901,19.7529035905805,-12.15477474068908,-2.2903006725927777
2001-02-18,-13.903816396507283,19.56807840828586,-13.24844542588331,-3.3472082939128764
2001-02-19,-11.963223215998164,20.21758318332258,-12.492310851604017,-2.602684864050146
2001-02-20,-10.527693607215987,19.357897537046235,-13.67408512923896,-3.9528983360201435
2001-02-21,-12.20648294825111,19.33963419801339,-13.248742639190015,-4.784542085498095
2001-02-22,-13.226192775829979,19.722973814366792,-12.681159294380512,-4.410050754726716
2001-02-23,-12.18334076710474,19.196965709100965,-12.948682758186592,-3.7210522181260024
2001-02-24,-12.110004587967104,19.92145980876093,-13.917360935175438,-3.6313676143267273
2001-02-25,-11.517397977814092,20.955683912663268,-14.185313856126392,-2.954141281639394
2001-02-26,-11.162488762728742,20.047810979078378,-14.002266778578353,-3.7764583015617403
2001-02-27,-10.755605480846649,20.52981093417937,-13.800367559878273,-3.934228448929713
2001-02-28,-11.183627852175896,20.724668381451067,-15.786987506677503,-3.2118817092368728
2001-03-01,-12.4840811387094,21.34478688366341,-16.36037652850486,-3.365074715710314
2001-03-02,-12.220903231710333,21.54955082206868,-16.485815262270624,-3.5530852192899283
2001-03-03,-12.349930092605668,21.25371872303903,-15.990164326997164,-4.593388536012796
2001-03-04,-10.272843090562816,21.1559395030451,-16.166747606207206,-4.967866786117
2001-03-05,-10.592934300448162,20.361506376408816,-14.497385537083389,-6.174026794969836
2001-03-06,-10.873640768336644,20.279747206735355,-13.191137375353826,-4.653064463471296
2001-03-07,-9.908073743082262,19.522362186016245,-12.414063506572546,-5.898305113529895
2001-03-08,-10.2987760393297,19.26391290670291,-11.276576732125987,-7.733568798866919
2001-03-09,-10.580680608376111,19.477389420710246,-10.902751621452216,-7.36468025223791
2001-03-10,-10.286353731239597,19.620100754144705,-13.090949039285146,-6.237253956401673
2001-03-11,-9.565480004177799,20.512912266313776,-11.855431634894652,-6.962350006118728
2001-03-12,-11.016486872188851,21.707704274709247,-12.068550274342844,-6.729937260439555
2001-03-13,-9.167723795658285,23.167392726415997,-11.657518635325683,-6.7352783727746335
2001-03-14,-8.667236940504486,23.393758694028897,-11.282533576070977,-6.979802243980313
2001-03-15,-8.126082048934181,21.74110445152136,-11.72089665786201,-8.728155812895164
2001-03-16,-7.59285081084186,20.19522602103146,-12.084368707111452,-10.778608659908338
2001-03-17,-7.66062614356373,20.61098373931013,-13.88806224236283,-11.578197392952335
2001-03-18,-9.61821735753719,21.26851702368191,-12.394814843473085,-11.835382994004007
2001-03-19,-9.26206229922264,21.416787222986525,-13.000553459631277,-12.601025276105982
2001-03-20,-9.207759459083935,21.163506360637097,-13.627213149347076,-13.39773708345589
2001-03-21,-10.884123892814028,19.967270184163667,-13.262270280830533,-13.093660018899014
2001-03-22,-12.066620281002601,19.914829948493303,-11.956441747061179,-15.363882120647233
2001-03-23,-11.248597159101019,19.30722004272729,-11.302798130788329,-15.616616083043132
2001-03-24,-9.857801113824948,20.252250093916068,-10.259899524720906,-15.422302110433892
2001-03-25,-11.035491385776464,19.772119216737398,-10.064522438289053,-15.22092115737349
2001-03-26,-12.46079257685668,21.19635036199676,-9.900831764225892,-13.057558463354901
2001-03-27,-13.492722073580213,21.924700399654792,-9.327277516992803,-11.771185218329544
2001-03-28,-13.760980967499082,23.796026618565783,-9.343027415945613,-10.938794170484492
2001-03-29,-13.121256649692333,24.605129752586013,-10.520052472796651,-12.412652208912599
2001-03-30,-12.7262948527604,24.448079255928402,-11.33238465088466,-12.700621471001487
2001-03-31,-12.05947686841202,24.754679865733856,-11.941700937425933,-10.825567358809248
2001-04-01,-12.474550727004386,23.84778438937956,-10.73262442875738,-11.252513470386214
2001-04-02,-12.803673653316977,24.47593882099331,-13.338749394438956,-10.901618318737853
2001-04-03,-12.020617023232871,24.69120599250845,-14.423974572507149,-10.334941241542268
2001-04-04,-12.3693365540029,23.729132978404493,-13.671781618868748,-11.141132688743221
2001-04-05,-11.746944672223112,21.995065632260683,-14.268053180940722,-10.579117753162757
2001-04-06,-12.640957769204096,21.83036472518915,-15.440128856833491,-9.183405508312559
2001-04-07,-11.821887825653876,23.080275969626104,-14.647329903659596,-9.00971475483634
2001-04-08,-11.051704446686688,23.569189828119057,-14.687062070150098,-10.237121597869773
2001-04-09,-10.969068284075286,25.411198685405143,-15.138026913588728,-8.723070350991312
2001-04-10,-12.01764869836284,25.798854417931242,-15.96864842461866,-10.012083282779608
2001-04-11,-11.398164108711537,25.375677428574114,-15.607521104597588,-8.885064471459142
2001-04-12,-11.32543419979727,25.43287263815978,-15.523345881848016,-8.699781159304546
2001-04-13,-10.729224838265635,24.51060690390091,-15.587606398955877,-8.006133494140016
2001-04-14,-13.17961083389299,26.407487501149554,-16.092244433518736,-5.889414728046334
2001-04-15,-13.159795245128661,26.760506864588752,-15.609820144595425,-4.5381830142800315
2001-04-16,-13.258320522841924,26.59867426462354,-17.142012329977604,-5.043695623922774
2001-04-17,-13.376327126323151,27.05866891066466,-17.831610553724985,-6.668267219176854
2001-04-18,-14.392022022249781,28.318427088197918,-18.630938498398184,-6.121045708273459
2001-04-19,-14.583532972475197,26.98872088668161,-18.21404980009008,-4.827374062483967
2001-04-20,-13.04758853421811,26.23341651599848,-18.72011917157849,-4.7568623103303445
2001-04-21,-11.178692540525027,26.702682940326564,-19.11308121309219,-4.206909844842111
2001-04-22,-12.4907862992269,26.093921697190623,-20.32641714908087,-3.7603826275715058
2001-04-23,-11.988960986706282,27.369146178244307,-18.65494368620436,-4.189109032920833
2001-04-24,-11.47803747447014,30.19687768193763,-18.61735175133427,-5.125733921130996
2001-04-25,-13.358718519478574,28.526735315391647,-18.82205452422013,-5.480624583023599
2001-04-26,-14.061554674616543,28.13574857013447,-19.268217922019232,-4.583471099267353
2001-04-27,-13.746105288153094,28.24962394193559,-19.14777865988314,-7.722957940767673
2001-04-28,-13.37765257131292,27.742244097587463,-19.143625258739924,-6.787331301579194
2001-04-29,-11.93889811478162,27.5499613990262,-19.305132940604086,-6.264710750603919
2001-04-30,-12.848514632637436,28.387075681380864,-19.243196451036233,-7.176312186630852
2001-05-01,-13.061366043203293,28.44155199330471,-18.265232336563134,-8.44601793081566
2001-05-02,-12.605661759440293,26.7503713992513,-18.060581238905314,-6.492540057773934
2001-05-03,-12.054939359558794,28.126484601305563,-18.624288432478235,-5.421282448788791
2001-05-04,-12.735391279942265,28.485979122292147,-18.22448784849541,-6.152039978502553
2001-05-05,-11.670875036281977,29.96264148740054,-18.20652894270582,-5.360170279693931
2001-05-06,-10.238924462972218,29.944736545346476,-18.15106186121054,-5.825968579276569
2001-05-07,-9.898423856481754,30.297374310226914,-17.075916426819113,-5.116296213233864
2001-05-08,-11.88597142943024,29.800745971741428,-16.224325266685323,-6.132630203401819
2001-05-09,-13.773737556968692,29.080584845951677,-18.243406737120768,-6.000540765740338
2001-05-10,-12.413054507157494,27.8372043068469,-18.206645960263014,-6.508408743130673
2001-05-11,-13.088840243683139,29.105115271809467,-19.384202240563653,-6.6323672930708994
2001-05-12,-13.701718295500498,27.883077665514072,-19.020195654072307,-6.653621146700134
2001-05-13,-13.63398699773121,28.461355795162092,-18.284650719314673,-6.616035611815627
2001-05-14,-11.89820050108936,28.89579913117818,-17.991226795610125,-6.352268954192381
2001-05-15,-11.455687801735035,28.05774919502545,-16.688114464310853,-5.154611887004759
2001-05-16,-10.977849569567615,28.348194308735906,-16.465542078507656,-5.101548281734601
2001-05-17,-10.61325427541059,29.66985168462119,-16.852671756885382,-6.567870376695961
2001-05-18,-9.775729144771809,30.03446172728467,-15.600991786557207,-7.518505075440144
2001-05-19,-11.844161850891206,29.357752393109212,-15.40734435596806,-8.304311755696196
2001-05-20,-12.054431210035759,29.206255926507076,-15.894594181768445,-7.175249213360273
2001-05-21,-12.351152615965331,29.57576744018825,-17.969519803677194,-6.936131855587876
2001-05-22,-12.700256980638978,28.821461233225673,-18.088458123240127,-6.280676842704105
2001-05-23,-14.255319681549242,29.382795102141735,-17.17740711135952,-6.679194843390992
2001-05-24,-13.804058343253201,29.420959092543836,-16.818175086948912,-6.0502524288352895
2001-05-25,-12.801191032924116,29.23756679634375,-17.89279136498524,-5.849548028927647
2001-05-26,-14.064191673657234,29.53781943631,-17.636242519215433,-4.443987445599917
2001-05-27,-13.10664625353807,28.79845116512986,-18.44168255589007,-5.0491045209998315
2001-05-28,-13.419112444388622,29.40981011735634,-19.267998580395542,-4.1212253842670545
2001-05-29,-14.424526058632251,29.80490579218806,-18.444256713888663,-6.352542092547544
2001-05-30,-15.19370528371059,30.33190115167737,-17.785080181940717,-6.9009366502854945
2001-05-31,-13.791233128416724,30.38758861402668,-16.898972612360318,-6.473537714787593
2001-06-01,-13.521267210338916,29.945143254939396,-18.59685535687724,-5.826120536417265
2001-06-02,-12.933603962366604,31.913760795894348,-17.5022938203827,-5.349687954536637
2001-06-03,-12.447707438091745,31.321075299982123,-19.481551745716807,-6.001425989702178
2001-06-04,-13.298131198324642,32.250899087000576,-19.46102959155989,-6.871437153966049
2001-06-05,-14.111442264463497,33.69611397007772,-20.702091269468937,-7.153728077460306
2001-06-06,-14.39318127801138,33.613125094724225,-20.08899546824413,-7.0006048595567325
2001-06-07,-15.674839229463062,34.78689698673259,-20.7984675745281,-6.197822404820105
2001-06-08,-17.261604126028548,34.13188913675622,-19.268523320137408,-4.563432722185638
2001-06-09,-17.25344214330748,36.142125235207196,-19.151694766319295,-6.097114373987496
2001-06-10,-19.145192075260642,36.54745195967268,-18.151817037013547,-6.289352119658932
2001-06-11,-18.655342580510922,36.70759843828131,-17.413962352623138,-5.982244692690332
2001-06-12,-19.813209572283405,37.37411899672448,-18.040210574140055,-6.797683081158107
2001-06-13,-19.36741947801415,37.05934374403928,-17.75669720541729,-7.032587734813123
2001-06-14,-17.875747773756192,37.14981206664247,-17.259736396883234,-6.788646510554345
2001-06-15,-17.633881576238814,37.72434567919282,-16.973396980253952,-8.271893082387974
2001-06-16,-18.161365556705796,37.047454202487465,-16.061918274735717,-7.275111460918001
2001-06-17,-17.261687735758773,36.33661528637076,-15.189714615855483,-8.207253612490444
2001-06-18,-17.341982265597725,36.45451984138625,-15.514646148877217,-6.697953609916758
2001-06-19,-16.760532328989672,35.62996977531356,-15.533006225488188,-6.9407599133241416
2001-06-20,-16.087986448094412,35.98156956034713,-14.944552929443455,-6.838163622591066
2001-06-21,-16.879553840170473,35.733261534262446,-15.170888429288388,-6.487631263431016
2001-06-22,-16.133657236216767,34.82818923773932,-15.352501162754685,-7.060374794857992
2001-06-23,-15.990244716530277,35.052587140880405,-15.345555868844803,-6.851208414350335
2001-06-24,-16.530052566180128,34.008272745711245,-14.250793826963914,-7.451824592336466
2001-06-25,-16.115879786535345,33.46488004591881,-13.906533378514865,-8.981352209126673
2001-06-26,-15.793501464058748,33.82237856082768,-14.47840928582729,-11.099870562352203
2001-06-27,-15.535986554081298,33.44651312035905,-13.965805830838974,-10.806313073013607
2001-06-28,-17.100641214763883,34.22561589698593,-14.901035228422991,-10.723468288885973
2001-06-29,-17.027667527885807,33.72382902208248,-16.169113506727278,-9.937356481632712
2001-06-30,-16.950334640333235,35.01200413182222,-16.6239411579203,-9.959622420258292
2001-07-01,-16.572764286943432,34.715865168013025,-16.029235852394354,-11.501896033835909
2001-07-02,-17.501679519212466,34.480232453196216,-15.989999996324446,-12.107383767193788
2001-07-03,-19.553353731395863,33.581646470374075,-16.725973988520536,-11.532584229029391
2001-07-04,-20.354186270816065,34.733615620141926,-16.532259408467013,-11.173114721679813
2001-07-05,-21.49014706140608,36.013459955803924,-15.249459297854713,-10.887838390060976
2001-07-06,-22.220186814478552,35.89002466111507,-14.810304965574723,-11.156273020472515
2001-07-07,-22.18223665505469,37.400704799131695,-13.6122613040208,-12.206700437301668
2001-07-08,-21.561801637616785,38.101063088768434,-13.159002377286493,-10.7451361149856
2001-07-09,-19.21537007126428,37.14540656900388,-13.671039472900366,-11.972413841059218
2001-07-10,-18.571799450620944,37.56017205588122,-13.320847053547178,-11.903006622467652
2001-07-11,-17.968773466230516,39.170967729859186,-13.710356631901377,-13.10682442632342
2001-07-12,-19.58046824137705,40.008984341257616,-13.828848672711574,-12.501847465458155
2001-07-13,-19.9111571705203,41.07492941675776,-13.249074578762672,-11.588051387832095
2001-07-14,-20.30715866452143,41.23573901001192,-15.118025564752198,-11.318553264045098
2001-07-15,-20.819173346514486,39.91291757996419,-13.328761741918873,-11.531616281957488
2001-07-16,-20.93791111685837,38.96634892751921,-14.454224454471728,-11.701221605632341
2001-07-17,-21.405726768904707,39.79514485691447,-15.293769570353337,-11.541887369166094
2001-07-18,-21.292434791473294,39.878115397486575,-14.809628173739476,-11.522609556331943
2001-07-19,-20.732691495400832,37.802822649699294,-15.49998578347908,-11.270901896955229
2001-07-20,-20.29268192596563,39.267891886346845,-15.900846636111647,-10.798808128670462
2001-07-21,-20.334046792853382,38.854512708751386,-17.47747532067511,-10.752955581451847
2001-07-22,-21.011517323790972,40.53125582946908,-17.544604352341647,-9.654431454156827
2001-07-23,-20.450693288142666,43.193639806617355,-17.71724480475169,-9.352914122846085
2001-07-24,-20.92529616825423,43.57396716603655,-16.41229308364776,-8.655368166440663
2001-07-25,-21.430283628362066,43.57583015324917,-16.855939269582418,-8.288604238867327
2001-07-26,-21.111957947089845,42.15440914399372,-16.846829631245093,-7.775208276904713
2001-07-27,-20.94211474158042,43.065701206127144,-17.667044175147392,-7.074127790774796
2001-07-28,-19.333277143019235,43.5988809939746,-15.436379954063181,-8.866702012585396
2001-07-29,-17.11410282292976,44.01068415913582,-15.386075895238436,-8.232744438826268
2001-07-30,-17.188943416974386,46.28825885639268,-14.306434854280239,-6.718289337724679
2001-07-31,-15.839923189012046,46.8017877040796,-14.70987373759875,-5.41343193753881
2001-08-01,-16.566909989127918,46.32160879027006,-13.73995777437763,-4.63326501419723
2001-08-02,-16.394843475540767,43.5976655266051,-13.092269863970515,-4.480344347787981
2001-08-03,-15.742471581773563,42.34640716443425,-13.470290725489637,-4.570702330940767
2001-08-04,-14.858682576061634,42.651887056666155,-13.875458253074564,-2.885984190023933
2001-08-05,-14.272989889013171,42.93488777217859,-13.070702132668089,-1.9930481187506155
2001-08-06,-14.418630373118322,40.961963149647865,-13.669876106817041,-3.0118525279183945
2001-08-07,-14.024546390907172,41.12149643959395,-13.133079123927384,-2.2421790436393083
2001-08-08,-13.582049108066366,40.89112219958782,-12.943415006572378,-1.5621312933480522
2001-08-09,-15.352590977898362,39.97700566139208,-13.112073079337694,-1.9814649601328633
2001-08-10,-16.492025906377943,38.92322581189931,-12.481756651001588,-3.3255578295524115
2001-08-11,-17.753455917689315,37.96867699326091,-12.066641985672453,-2.5917636721648987
2001-08-12,-17.828029864783506,38.37987122185964,-12.289051041408818,-2.151215356313523
2001-08-13,-18.642374193974142,37.30812750725114,-12.839390259882576,-2.76688526652595
2001-08-14,-17.301107907486664,37.125786314108474,-15.305970076817477,-1.7373568719623766
2001-08-15,-18.671652120360793,35.682482616274264,-16.5379873460515,-1.667445285018559
2001-08-16,-18.65974795235487,35.92558741265723,-15.616168382655896,-1.2211851051497458
2001-08-17,-18.113788846548047,36.21660229958021,-15.791820148318232,-1.6255001839370524
2001-08-18,-17.2193875442805,36.136185063968405,-16.72440202088999,-0.8390195448786105
2001-08-19,-18.179291274092435,35.94506824047598,-16.515829906052947,-0.6020818300388726
2001-08-20,-17.328807591491373,35.83654231848161,-17.08841314802177,-1.1042057552586313
2001-08-21,-15.825365563732158,36.81550252860223,-16.8319309941417,-1.444560130981034
2001-08-22,-15.602742832362885,37.52658084391282,-17.030800413508302,-1.0098445996184078
2001-08-23,-15.993475717965456,38.58734930267929,-16.138721637196728,-2.042847658311997
2001-08-24,-15.824785570059722,36.63232041934733,-16.9505644736498,-2.771145906499096
2001-08-25,-16.270665093698213,35.97771344980132,-17.468918948956947,-4.786441535441089
2001-08-26,-15.110409282455572,34.876967105869774,-17.293780084860867,-3.8949434443360635
2001-08-27,-15.005638942967654,36.52825831048871,-15.886404701555577,-2.929225225151944
2001-08-28,-14.055314962318366,36.818737333550075,-15.928567850719032,-1.6487219580847603
2001-08-29,-15.250531453682388,36.22270212867922,-17.027248579873838,-0.3622920078066312
2001-08-30,-18.31621535765585,34.993318923314234,-18.995818609602296,0.26308815283084286
2001-08-31,-19.705643699797136,34.24070043762342,-19.032807554338138,-0.6571262946806959
2001-09-01,-18.78359752679513,35.09218231660197,-20.334477378241615,0.1620739008335872
2001-09-02,-19.513334824892105,35.99400327406429,-20.275201676658362,2.066141443292169
2001-09-03,-22.13496835326451,37.264455996454565,-21.21359131122652,2.8001423160505254
2001-09-04,-22.266685461490013,35.98924400154128,-20.344398785554503,2.6379169614941875
2001-09-05,-23.34138484740112,36.13571214820289,-19.251699481957772,3.6264169018951917
2001-09-06,-23.52496795798889,36.202490845102886,-19.432266820995622,2.9146752895194585
2001-09-07,-23.235192352077643,36.84453262387397,-18.62556416404932,3.645653885001385
2001-09-08,-23.255211138124942,37.44833545941265,-18.805591224681173,2.5724023041398785
2001-09-09,-23.23170819204016,38.0799268399494,-19.350241753320155,2.780172865505194
2001-09-10,-23.289748509006145,38.41278676050785,-19.23905041146291,1.7783562587563506
2001-09-11,-23.259193991771497,36.90079790584603,-18.28750090635445,1.5244525677243594
2001-09-12,-24.347656282866474,37.330066232930164,-18.409020544614275,2.820774803551701
2001-09-13,-25.01844871527079,39.261929616562256,-18.048644285458217,1.5093761414132543
2001-09-14,-23.75636966455187,40.280388786563115,-19.403222626352765,1.5058539213020656
2001-09-15,-24.49158001991086,39.145179661008385,-18.714045372777026,2.4851892206662294
2001-09-16,-23.690151204597505,39.13362220821884,-17.46468632485294,2.0846701195970545
2001-09-17,-23.007004071100912,39.59100646405946,-16.201134592549202,3.71323567185455
2001-09-18,-21.948079044665793,37.9139130827529,-17.933230489639566,3.7626001196643335
2001-09-19,-21.72714544182051,38.55455535374506,-17.933404636959967,5.254593199515269
2001-09-20,-20.597500769847855,40.723426152716975,-19.147345004759078,4.963967989346131
2001-09-21,-19.562946563155176,40.5296750813308,-19.91079436007173,5.378972680099946
2001-09-22,-18.21493231422276,41.640001089204425,-20.323873071891864,4.483912138408471
2001-09-23,-17.446023350704067,41.28774874767601,-19.809474611795178,3.295615357899523
2001-09-24,-16.772352544355684,41.65227559442619,-22.124203513379513,3.3784584204240393
2001-09-25,-17.41866929960735,41.07229083120682,-22.664067042273754,2.4437312636087194
2001-09-26,-15.668186891970976,39.8740855114148,-22.94341122090135,1.259540324639274
2001-09-27,-14.62097504724891,41.742346539620776,-21.888288776949384,0.8858171641449832
2001-09-28,-14.827889996479659,40.72651881500117,-21.88382733617125,0.48050635732461094
2001-09-29,-14.260188951461878,41.533137318940774,-21.24183457452345,-0.00955964209116128
2001-09-30,-14.710734767702576,39.4050608556384,-21.166937755584186,1.3312563140990386
2001-10-01,-14.593775616215053,41.073288944454,-21.991377708534802,1.4446831610086701
2001-10-02,-12.985925078587004,40.695136009229145,-21.38212997052644,1.5664033730109383
2001-10-03,-11.650251441717737,40.086889839402666,-21.776054920042235,2.685602745582654
2001-10-04,-12.35321573256858,40.05906733333729,-22.567995087066414,2.16656184562303
2001-10-05,-11.439877828495677,38.11619708750384,-23.590228764137162,2.3486620337094424
2001-10-06,-12.33928676323859,38.04736735806981,-22.963750650470956,1.495621357308154
2001-10-07,-12.123088995338904,39.62185674617807,-23.452711124850687,0.340530218540676
2001-10-08,-12.217069474166959,39.46350178398076,-22.92056742352856,1.4963842624530357
2001-10-09,-11.455295727166169,40.70684112426173,-22.824364231045585,1.0521397064841016
2001-10-10,-10.450179237630529,40.460373568985055,-21.19060016165876,1.3717722896909053
2001-10-11,-10.097543069939109,39.209837060877895,-20.407519284670514,0.48560717376943463
2001-10-12,-9.001370573090945,38.592433360455814,-19.21944722955825,2.770032364935683
2001-10-13,-9.214885027348952,38.40065195945015,-19.95585979499508,2.2057111247165775
2001-10-14,-9.430407694503096,38.01640177685987,-20.593079901810746,0.9730526719116199
2001-10-15,-8.468419051314612,37.71435997653007,-22.435751617176017,1.2778195576812363
2001-10-16,-7.293773815921676,37.68545460732459,-20.758208445091558,1.6582646839604833
2001-10-17,-8.277367533744549,37.718642879108,-19.949884386292428,1.137702259796297
2001-10-18,-9.926751829476363,36.83252601441427,-20.345033412787846,-0.11949459468953583
2001-10-19,-8.722388327134237,36.792411430819186,-19.098241997765957,0.20875399812885698
2001-10-20,-7.383698136345683,36.80651596596561,-20.04379503441884,-1.0101179509007507
2001-10-21,-5.411144516098812,35.946040919271034,-19.605745160782647,-1.0139362962499114
2001-10-22,-5.970552017572597,36.771504976336566,-18.895301372378814,-1.3985147574342807
2001-10-23,-4.76305466925403,36.281460935336405,-19.54919927131282,-1.0147559613012305
2001-10-24,-4.927034926463974,35.175418825204034,-20.012069520115524,-2.227366194548088
2001-10-25,-4.595735663421888,36.20831589672727,-21.782942017362046,-3.2326370409727203
2001-10-26,-4.613060534342029,36.456006322630714,-20.770742962906816,-3.0230749219728046
2001-10-27,-4.708763212353116,35.061997646755174,-19.598960088327626,-3.7167969074713496
2001-10-28,-4.093357187685401,35.0143878758671,-20.921769024765236,-2.8823746918906257
2001-10-29,-2.777946728123503,35.44415204631069,-21.319314824386648,-2.3300424523936627
2001-10-30,-3.924838073636007,35.290492036789324,-21.240788029527963,-2.0634982954637753
2001-10-31,-3.1854097261820384,36.11679887915772,-21.308745672562676,-1.3803929826665666
2001-11-01,-3.858712679090072,36.170373493399666,-22.03289819995958,-1.5004902894452463
2001-11-02,-5.360663076099571,37.26260274941651,-21.863124622787563,-0.3438726211564309
2001-11-03,-5.805674643152748,35.52673372483426,-23.375398589880426,-0.297236858480421
2001-11-04,-5.6269231703990865,36.20564816998126,-22.954264780891133,-1.5595296328421029
2001-11-05,-5.265376136901626,36.24187355998694,-22.544211132866224,-2.1999251192237295
2001-11-06,-3.8351282946735905,35.939172204710125,-22.284687254890574,-4.042746453584426
2001-11-07,-2.047429332159445,35.82164960948831,-21.887106643625934,-4.396827267185136
2001-11-08,-1.5640453432327965,36.6606466584651,-23.20801523016141,-5.0036637549453
2001-11-09,-0.5292268753134128,34.32817125606175,-23.785255225399673,-4.363216816256612
2001-11-10,-1.7291176295795283,34.86800288897549,-25.487246237506085,-4.315304741796342
2001-11-11,-3.0879382225727405,34.89274373102931,-24.98838562314815,-5.180495161500191
2001-11-12,-1.8824460235574334,33.77973426050465,-25.66259495355665,-5.345102032780702
2001-11-13,-2.4324479382208453,34.20214043590089,-26.858555817203644,-7.021741387898908
2001-11-14,-1.007209346288776,35.80350410773279,-25.098583652693023,-5.857087659287913
2001-11-15,0.5755204481750182,35.427043919939855,-26.269977445362528,-6.1756878590443005
2001-11-16,0.9070938161597994,36.234863069211244,-25.891006578323296,-6.66223771380071
2001-11-17,0.8238470118005058,36.3203791367815,-25.170077695258563,-5.11501357091302
2001-11-18,0.38024413296352977,36.12734843068272,-25.730167427165338,-4.851961346428312
2001-11-19,-0.042510786278274204,35.65744464733788,-26.827573255760228,-6.317354686408981
2001-11-20,-0.4143393830145694,34.69173097765844,-28.026616004371135,-6.434913902540703
2001-11-21,0.38442387999489924,35.52399991672947,-25.090619890163044,-6.283144704220365
2001-11-22,-1.066108619635688,34.916353278369726,-26.265268792302766,-5.496409677986392
2001-11-23,0.2549827680852452,36.90995798680636,-26.30016581073045,-6.335990705099045
2001-11-24,0.9895506191271574,37.237707700749674,-26.546010724688614,-6.1159534339710016
2001-11-25,0.2731633324240582,37.04943003450932,-25.285608271435237,-5.841971776518695
2001-11-26,2.254372745331593,38.24647682484614,-26.087865790517046,-5.277536332306631
2001-11-27,4.819063395910192,38.59706618465286,-25.16530318199697,-3.5430197872214775
2001-11-28,6.089006639539805,38.15645831396546,-25.908654691479292,-3.0051429997021155
2001-11-29,5.926763054689468,36.86893027558429,-26.381255565033854,-2.6493786316151655
2001-11-30,6.914089711598737,36.89857183545643,-26.953757199505926,-4.221051797177489
2001-12-01,6.41515216551146,35.79006712939229,-26.87477242471641,-4.223984001084774
2001-12-02,5.167709087512488,32.837294512074074,-28.003920818950508,-3.180185596489939
2001-12-03,5.681068171818327,32.99036691270219,-27.796477889202404,-3.8690721800108587
2001-12-04,6.560391297694919,35.63956796707497,-29.56448047760387,-3.6531513401771107
2001-12-05,6.449666701170947,34.131328849009094,-30.61426380141451,-2.7123636398670534
2001-12-06,6.2959618720474255,34.366970178124994,-32.097862907476475,-6.365191638814577
2001-12-07,6.021577819068362,32.8804602242033,-32.09280236144859,-6.511526827368903
2001-12-08,5.014481436117594,34.1222478312971,-31.18033380708556,-7.1858469229610185
2001-12-09,5.762137652536962,35.027310061202584,-32.18695188894435,-5.849465761479333
2001-12-10,4.806172049701184,34.3220011904249,-31.99368586306291,-6.519326357089041
2001-12-11,3.151751234751493,33.65561604658875,-31.918447662253108,-6.309430085717416
2001-12-12,3.4217071333325166,33.32794892643547,-31.55993269839887,-6.129043812603852
2001-12-13,4.002366236332566,32.965018889583725,-33.23609305147022,-5.3758151215430106
2001-12-14,1.5712496138493797,31.81330954794512,-32.55319063831341,-5.382372517078576
2001-12-15,0.46541686784535696,32.18598798168059,-32.93488481230445,-5.1097027636170225
2001-12-16,0.5181636991860923,33.655945890574806,-31.88110029497573,-3.5301549572653386
2001-12-17,1.4568736598838101,33.26337227331073,-33.23446084071303,-4.861256361291571
2001-12-18,0.4279308729439164,34.50572077394857,-33.76146242268715,-4.636462330404503
2001-12-19,0.3100636909075838,35.095414631562626,-33.32469642623581,-4.392108158650717
2001-12-20,-0.836485183166173,34.7111291845262,-33.70987002883983,-4.97776402248745
2001-12-21,0.2780114292072038,34.47636138651465,-33.58994005205592,-5.1648174386223875
2001-12-22,0.62066208272562,34.19384505488802,-34.43263439043305,-5.431469340250596
2001-12-23,0.33085858898232007,33.007762912501796,-35.097928279733765,-7.285239052999204
2001-12-24,1.2247619284801843,35.33458508292971,-35.96111413410768,-8.54632413076072
2001-12-25,-0.302740298867896,38.514884164586064,-35.35585070739061,-8.151707143057537
2001-12-26,-1.5356465945921964,40.43805483471386,-36.098577111406485,-9.787561049323102
2001-12-27,-1.9431934821010821,39.555503279427995,-36.09227052801436,-11.399128734760529
2001-12-28,-0.0663827592782813,39.36423974647319,-36.63423027197237,-12.635153235923678
2001-12-29,1.2360738014274788,41.33217923385532,-37.02909179320008,-12.067791585959398
2001-12-30,2.0591195774600566,42.15868031130944,-37.496480364657735,-10.705651531923227
2001-12-31,2.164841888074048,41.39573032644355,-37.878313099911246,-12.301572751706455
2002-01-01,2.969042757992775,41.05662615611104,-39.093790393349636,-11.170020140012445
2002-01-02,3.373353090927242,39.32409695663294,-38.112651222600164,-10.888353429755083
2002-01-03,3.0862099449235076,39.39175781647813,-37.30266155851441,-12.646333702793093
2002-01-04,2.6810118271757766,39.303905912635976,-37.383308402426955,-12.380302278614865
2002-01-05,1.6134056286325236,38.88093453854996,-37.22228756995982,-11.523483260607216
2002-01-06,-0.2688068283516698,39.72427188296715,-38.86075953136066,-12.535645066944717
2002-01-07,-0.35340224276933413,37.43844850678235,-38.62779774633672,-13.577365909287911
2002-01-08,0.2083115636993706,38.91835048502332,-38.9797586256637,-12.635183061243506
2002-01-09,0.11980898811258324,36.66204743056783,-39.29243006131002,-10.408145109724202
2002-01-10,1.5585743410627155,36.306321165927955,-36.61806458708089,-10.913331507761555
2002-01-11,1.4698208113741869,35.861838962149996,-35.14627065652039,-12.079039776837567
2002-01-12,1.3583795426035878,35.473272449366085,-34.27064618923617,-12.49637224517491
2002-01-13,3.227039736577714,34.08068785979176,-33.41432656908045,-12.095910218199792
2002-01-14,3.204503641503356,36.3175401248835,-33.27926102440885,-11.98606331878353
2002-01-15,4.936909419718023,36.04651965069721,-34.85160987388296,-12.194452125030637
2002-01-16,4.916463320778764,37.74792405931454,-34.918946014745465,-12.268149713548167
2002-01-17,4.322782813750789,37.43617074814816,-35.42898023609602,-13.847636714701235
2002-01-18,4.095574450602452,36.84358666778794,-34.95292631618237,-15.168244504043228
2002-01-19,3.592039987070093,38.21888230625757,-33.50481219159926,-14.399997793709685
2002-01-20,2.734187124440666,36.102057293168755,-34.97691726796354,-14.017765631313782
2002-01-21,3.8036380805651935,36.58615726313256,-33.5289351812007,-15.547253933752565
2002-01-22,2.7628956143362733,35.81606062250159,-33.49995704792646,-15.806373711907645
2002-01-23,2.778507693440507,36.43488570180363,-33.503475614659614,-14.806217080249393
2002-01-24,3.2992995468305972,35.73625545069152,-34.418560005548166,-15.06978791368195
2002-01-25,3.031112442041223,34.19423580060737,-34.3377731794568,-14.978333740165674
2002-01-26,2.371540941493902,35.46846841916367,-35.41365891057495,-16.096906060541663
2002-01-27,2.7627481873867232,34.413747485101354,-35.38346212444326,-15.759670659051258
2002-01-28,1.0841324920845867,34.53259902840263,-34.57624982972664,-15.480461025282745
2002-01-29,1.0257542953098338,34.00889280767414,-34.051252080116974,-15.032239399340497
2002-01-30,2.1763542539099223,34.91571838054419,-34.17329643678258,-16.685929737878144
2002-01-31,2.8069830990397424,32.84041999027922,-33.714747899513924,-16.61522943338595
2002-02-01,3.034775670720897,32.38052904501533,-33.53688731016996,-16.488006288535765
2002-02-02,3.3351190168640494,32.14203572203445,-33.23493094865741,-16.162307925189182
2002-02-03,3.169578002627158,34.11348761570753,-34.193119519504194,-14.789861841404663
2002-02-04,4.090709009252791,34.35734227057953,-34.84994425835853,-15.424938292726146
2002-02-05,4.338182623646962,33.90490823996514,-34.173129118353934,-13.900969414807278
2002-02-06,4.008011817771582,34.243864537005436,-33.3324075282277,-15.435999811024049
2002-02-07,5.141440209220291,34.05485419733834,-32.19325282235477,-15.21799751031459
2002-02-08,4.517017169812631,33.74919213248483,-33.11293657919816,-14.706045279769247
2002-02-09,5.041730284896817,34.121418746380556,-33.42838015257734,-12.66340006104833
2002-02-10,3.748237635794805,34.326516991990815,-34.63988285079022,-13.505960615466844
2002-02-11,4.471191937971403,36.39462747287947,-34.289730846065645,-12.789495867043607
2002-02-12,4.208787130505729,35.85204047341047,-36.042505305447364,-13.76928354017847
2002-02-13,4.3565311601528744,36.51624704520863,-35.70411387356601,-13.33433874110241
2002-02-14,4.672735715166704,38.28295360515004,-35.6461508213935,-13.21791283094584
2002-02-15,4.683748788050116,38.53555233666745,-36.926071992344106,-12.726852054293373
2002-02-16,3.986710305976432,39.46422883508361,-36.004753892153325,-14.030782566672306
2002-02-17,4.070486644791266,39.54817655533707,-35.487719059529034,-13.519650315921407
2002-02-18,4.136857322011983,39.64694882259809,-35.83475109494352,-13.240105797175572
2002-02-19,3.9606596650433126,38.58997327383021,-35.19452084893815,-12.80100674706674
2002-02-20,2.8998225977721575,38.44553605151921,-35.56672931312853,-14.021624827019348
2002-02-21,3.1679346465048526,39.50739525936306,-34.60646526596129,-13.46113001569337
2002-02-22,3.145615883030121,40.617863884139496,-34.128480601273395,-14.862939811046836
2002-02-23,2.226935199536715,41.37858855594302,-35.85621033936961,-15.174332592183914
2002-02-24,2.2469593714834932,43.27256985934134,-35.7401602362236,-14.96035351212514
2002-02-25,4.657393795777732,42.856049342091225,-35.00195343961217,-15.632988549907964
2002-02-26,4.4960092948487915,42.45034965349914,-34.997488537766756,-14.672358769130062
2002-02-27,4.295509080473996,42.253742685834084,-35.633948852632756,-14.774974066336675
2002-02-28,6.092071964610445,42.13353288932384,-35.45832063315033,-12.45480562243209
2002-03-01,6.107065443109166,42.453480198002104,-34.8091245338498,-12.823264101254422
2002-03-02,7.1982036585284055,42.79563701200313,-34.38241407143453,-13.910540469805978
2002-03-03,7.262527918153153,41.5212071249486,-35.75210771158637,-15.748920260537119
2002-03-04,10.355946856247629,42.490940694496736,-37.124565829883934,-16.731531378049915
2002-03-05,11.853859200901425,41.15239255198844,-36.31888042781112,-17.644650000607
2002-03-06,11.860370301428903,40.39762954858421,-36.09824112052221,-17.20939174894575
2002-03-07,12.220075079339766,39.07300820358016,-35.77591034707787,-16.723597579217447
2002-03-08,11.513965764829939,38.29177381141782,-36.07537746651482,-15.232390867817656
2002-03-09,13.43992503001028,39.12383293371211,-34.27827599753154,-15.361256900395786
2002-03-10,12.440553127247465,39.14528811094826,-35.074139729254384,-16.698691601721265
2002-03-11,12.554725421743234,37.937233786977984,-35.26022523969217,-15.61411458949389
2002-03-12,13.172222641530663,38.08415299586049,-36.64065641581364,-15.62530738408826
2002-03-13,12.713846702389382,37.890203486906834,-35.32913586833686,-16.40043965206766
2002-03-14,11.016061911843915,37.762449789820316,-35.45347812214375,-17.132088054157954
2002-03-15,11.85287518676641,38.480602367164956,-35.016722344256465,-17.554864703846302
2002-03-16,11.799963100058212,36.89243904617736,-34.53210979459391,-16.810075251414716
2002-03-17,11.428302542137605,38.90422643871534,-34.92469737016485,-17.15223723164919
2002-03-18,11.509056964321163,38.22522005305758,-34.28468792591292,-18.07991838729087
2002-03-19,11.317239306062612,39.42331131328544,-35.90076834043345,-17.83090187410793
2002-03-20,11.139229818966486,39.415392875678315,-35.70782248824857,-19.525420499427206
2002-03-21,12.518639456394444,41.125130045276734,-37.06883520912768,-19.932063866702084
2002-03-22,12.679644640626446,39.089430978176146,-39.038124260505185,-20.284199910556485
2002-03-23,12.080060611879693,38.99453215124894,-37.72592481213919,-20.785439795471834
2002-03-24,11.403724391012961,39.65544810220618,-38.49081021912895,-21.64845783622887
2002-03-25,10.869407787310859,40.19930688051932,-38.69864795224506,-19.376531298781913
2002-03-26,11.638396106193762,40.66336304897528,-38.70127746967733,-19.756155440399016
2002-03-27,11.913320813785374,40.976601399796444,-37.901140594847064,-19.44306555521385
2002-03-28,12.083738706998988,41.28412222554816,-37.859702840546035,-19.069565077749512
2002-03-29,13.90148202094716,41.20608919836642,-36.79043318271331,-19.930413486796972
2002-03-30,14.608355492841683,39.97139093205032,-36.56319673239208,-19.877749424695708
2002-03-31,13.244920969225571,41.57010754263416,-38.98491011678876,-20.802791547734305
2002-04-01,11.542143916288499,42.821234930527645,-39.90983033702154,-19.618625320393587
2002-04-02,11.477757323458102,43.06435690886735,-38.95380093069207,-18.25180156831429
2002-04-03,12.761929972335516,42.662855951856685,-38.60935683366346,-17.300692874815503
2002-04-04,13.866119935520825,41.81120474858285,-39.47725301348931,-19.13734240233122
2002-04-05,13.636824290585146,41.4397897224036,-38.651804874760195,-18.2782636994159
2002-04-06,13.974644668411804,41.151085551730944,-38.01081781406606,-16.99183474062039
2002-04-07,13.83616500121206,40.76395261323914,-37.61434042291707,-17.541303197657008
2002-04-08,15.485466451891028,41.3581053831031,-37.69460516292638,-16.177544916164912
2002-04-09,15.81793684872996,41.30151081732105,-39.17288413421187,-15.875167673935312
2002-04-10,17.65363854961119,42.137431135082565,-39.617105326540816,-17.204366000029264
2002-04-11,17.2562363970996,40.98286925938057,-39.94599434893146,-17.765219719154004
2002-04-12,16.586652703644678,40.96781339445322,-39.24494698491546,-18.973593651531075
2002-04-13,16.57216658894683,40.3226806768039,-38.46779657199126,-19.274135975999073
2002-04-14,18.79499960659066,40.02601767649411,-38.90462528915478,-19.504717466896306
2002-04-15,18.096006016570207,40.12949752740471,-38.22570921200085,-18.28044561768151
2002-04-16,17.949012419679235,38.976305005620645,-38.82035074241506,-17.585740022452484
2002-04-17,16.727449475597087,39.605537730733424,-37.29041069685258,-19.064691928533097
2002-04-18,16.89404737591775,38.669463638546524,-37.40828712298059,-20.072602015147194
2002-04-19,17.725736529241054,40.439653441244495,-36.57121940418302,-21.146140102218148
2002-04-20,17.188761547600006,39.795592024809515,-37.148216071244114,-20.905165429488957
2002-04-21,17.988679961763008,38.852543676379234,-37.50676443465759,-20.888700455253776
2002-04-22,17.086780690460685,41.633301575661484,-38.30212632066929,-21.715056235189245
2002-04-23,15.78999992569179,43.264849299864785,-39.07730199904871,-21.96513303633819
2002-04-24,16.63522675151605,43.892223341652794,-38.45164507201334,-24.271709726831865
2002-04-25,17.243949731319173,44.04597186236394,-37.594536181664765,-26.041626815170357
2002-04-26,16.140295708347175,43.22348714826636,-37.58328091920137,-26.343450444054696
2002-04-27,15.087713398533404,42.593893039759934,-36.027448460697414,-25.20638180796108
2002-04-28,13.594106383324636,42.543121261388855,-37.134067830082564,-25.69716928590765
2002-04-29,12.201148480678444,43.397909360455266,-34.5533386657822,-27.015057536552032
2002-04-30,13.856038449928855,42.044060999823,-33.0017306431599,-26.43188299306072
2002-05-01,13.258366334281463,42.01004623704273,-32.47480243938927,-25.19433947875386
2002-05-02,14.518061365237951,41.10297619797338,-32.5369595597884,-24.973226800548296
2002-05-03,16.162450655828017,41.02131382265799,-32.41722278187343,-23.81828543609206
2002-05-04,15.365658462937974,40.288333256168244,-32.75286486261514,-23.459257464948546
2002-05-05,14.723551026294507,39.84337885393124,-34.02473211845257,-22.049850004214672
2002-05-06,14.205667686173499,39.04811758249537,-34.750180592161094,-21.37485101652574
2002-05-07,14.84902156526354,39.56971531394867,-34.552957518608046,-19.066051409737565
2002-05-08,14.678557817944386,40.08247270858139,-33.63868858288051,-16.2766696893271
2002-05-09,12.156044929327976,41.39850202976617,-33.94218499663831,-17.468746396061796
2002-05-10,11.571599100582759,41.23029309214111,-35.07513745200051,-17.172256238307604
2002-05-11,11.671968319396557,41.21973270236897,-36.397695591856596,-16.84505349103436
2002-05-12,12.583184746575004,39.986900079562005,-36.69461135227828,-15.472536389866153
2002-05-13,13.039904907062477,38.59328651530994,-38.12613518818108,-15.557593312949724
2002-05-14,12.858840197062237,38.28403504544857,-39.32833751257014,-16.576711545949077
2002-05-15,12.724505462301318,37.61418701153632,-37.93942868538955,-14.822317791089088
2002-05-16,11.925063963636273,38.14167443325609,-38.96877246179956,-15.179363369080107
2002-05-17,11.696655617960129,39.53180387437262,-37.636062718107695,-17.47545778725803
2002-05-18,13.38299051145181,38.5647517551707,-36.84196948356675,-16.421234336659708
2002-05-19,11.05413609904968,36.602063203456545,-36.07333332303946,-16.173086370062734
2002-05-20,10.92340149889345,36.189798096067875,-36.27796387431776,-17.084870992723975
2002-05-21,10.445314838927967,37.61850905106048,-36.833479113700115,-16.20428229446349
2002-05-22,10.712661174579154,36.49858921887672,-36.788370222152196,-16.515291896226067
2002-05-23,10.867514697702319,37.1174757480843,-37.500646748556726,-15.453772746334195
2002-05-24,11.64571962439003,39.089191501726425,-37.274693217850114,-15.70311382211056
2002-05-25,10.900771757513846,38.06647336586543,-35.47614368382618,-15.6426840104813
2002-05-26,10.980516355020402,36.99558665668498,-33.72432865120314,-17.632394046698504
2002-05-27,9.815224999895275,37.88965005467945,-32.98731663135114,-16.683184503620332
2002-05-28,9.65675091255322,39.3160631421521,-31.861384040039084,-16.710897781142183
2002-05-29,8.654019972621366,39.63244570195695,-33.855380741127256,-16.188402758964234
2002-05-30,8.444797346632765,41.00418073145333,-33.71329513780985,-15.01449947730074
2002-05-31,7.081696470699967,41.13905173680302,-33.73543552507125,-15.746064534566012
2002-06-01,6.532529186117818,42.6209511025963,-33.33291773741931,-15.094509875154118
2002-06-02,7.24808978095505,43.96657517359862,-34.339688831382475,-14.069482265810263
2002-06-03,6.408358782873067,43.74309180896509,-33.56445058924238,-12.828648431572109
2002-06-04,4.811889134623483,41.712163054662916,-34.948781316999494,-13.718498265100571
2002-06-05,4.162242462540844,40.846020591158656,-32.697672541095535,-12.19035497803906
2002-06-06,3.7797803846699822,41.65867051428129,-32.18443460960491,-10.376518149483594
2002-06-07,1.959435547725818,41.19107412013423,-31.10844249236991,-9.389587761721199
2002-06-08,2.888168183634816,41.73883987080415,-30.452383616994506,-9.628278005352351
2002-06-09,4.7170757078350105,41.14319941392418,-30.117331218548703,-10.662628678372503
2002-06-10,2.3107359515331014,39.200354128070344,-32.21721951803149,-11.20026588466843
2002-06-11,1.316014649953075,37.79971340265373,-32.70908096076495,-12.302086509500144
2002-06-12,0.432824848050128,37.257653736126294,-31.93655632036215,-12.77587600905819
2002-06-13,-0.8880004031004942,38.181345376429746,-31.604845434462266,-14.412534470448378
2002-06-14,-0.9955880149544575,38.970417063121225,-30.496620356943094,-14.276787678533294
2002-06-15,-1.3433517032211593,39.673843258622576,-28.520471127804623,-15.766843336632677
2002-06-16,-1.8620344638374093,40.049209707633146,-28.42203353952384,-16.872384832109947
2002-06-17,-1.0181762270885746,41.04535599205475,-28.165136057852457,-17.516813044300477
2002-06-18,-0.9679122603351599,39.620170132748086,-28.904265073861428,-17.430412575075806
2002-06-19,-0.10680998926278085,39.79788830364801,-29.819642030420386,-17.219269650891636
2002-06-20,-0.18332850452664784,38.73101208890798,-29.672837430359813,-15.946643545111202
2002-06-21,-0.7617848063778428,39.654770404694275,-31.931947863102042,-14.604316650017891
2002-06-22,-0.42458118524480576,40.28541862073802,-32.71066816748687,-14.700515597815178
2002-06-23,-0.845984768385403,41.234877151530114,-31.567611296012196,-13.971471507166473
2002-06-24,-1.577922811738674,41.17425553559762,-32.501315886693604,-13.356192855155667
2002-06-25,-0.9119160862422715,40.28713729372403,-33.28014740853717,-12.969612268977645
2002-06-26,-2.4161650566495334,41.759425315912885,-32.85642257012064,-12.43977615982274
2002-06-27,-0.10300146211329864,42.71079048970086,-32.65741029926813,-12.058327942893644
2002-06-28,1.141426085093002,42.565517210645496,-32.94024091797761,-12.34034529062853
2002-06-29,2.2041709992714447,43.48622078929721,-30.888559197770284,-11.190246580584699
2002-06-30,2.588901391524556,43.716188796742905,-31.365097135311956,-11.677111104629805
2002-07-01,2.372584996622828,42.53679248643559,-30.846059833470292,-11.407400977650278
2002-07-02,4.473761790886096,42.48345424785386,-31.56998290688199,-11.28818792121904
2002-07-03,5.1264771823629465,42.044785526859926,-31.51754029955449,-11.754895241333795
2002-07-04,4.548039363569325,41.65428954594312,-29.702702382748825,-14.446671705493866
2002-07-05,3.7672966067808966,40.934796108577224,-30.677366555463625,-13.724932446870955
2002-07-06,3.963719026879795,39.82847796527416,-30.8712223885366,-12.66253936576951
2002-07-07,3.003824733174776,40.00650393879189,-32.46778424545181,-12.376518329791537
2002-07-08,4.3550093979304325,39.85504178156011,-32.39044117763649,-12.879105725411788
2002-07-09,4.747705849544502,38.24233511270872,-33.7885237496117,-12.091312060520828
2002-07-10,4.044295818032412,40.20819721392155,-34.32684141121177,-12.164346004076
2002-07-11,4.436882920830564,39.67270913884087,-34.119290301234834,-12.870853214136067
2002-07-12,5.72408305655669,38.74240228730501,-33.602034221483734,-13.248351014841136
2002-07-13,7.682857625724974,38.88836920135132,-32.78741047072736,-16.010758988720152
2002-07-14,8.405035188393935,39.21022500407947,-33.28402487833343,-16.143031699968795
2002-07-15,9.352058971904377,38.43400620748958,-31.134575651647573,-16.602356966400542
2002-07-16,9.460671176044126,38.003166407954836,-29.093962151897102,-18.006481269082997
2002-07-17,11.945154833377355,37.70109497295663,-29.005699926331832,-17.793175217411353
2002-07-18,13.566117756159038,37.65957698634424,-27.96828024355246,-18.722409221132708
2002-07-19,14.187415037316882,37.93311040987887,-25.475820826779934,-20.112766181447448
2002-07-20,14.728877910482971,38.422187024175635,-24.86431165862818,-20.75923850782937
2002-07-21,15.323719177497482,38.769930184533514,-24.45500068346647,-21.676298075086383
2002-07-22,16.607116672914366,39.82884159741003,-23.99339725033302,-22.484424604164307
2002-07-23,13.720478806747991,40.44742413169916,-22.923334980994444,-22.48791649565858
2002-07-24,11.826234503427393,39.558727986251505,-22.214367380933453,-22.328149109980007
2002-07-25,12.144795900267887,39.13149378311615,-22.337809640527233,-23.008490680531185
2002-07-26,11.843111138871228,38.89448155598661,-20.075354364166564,-23.73794411736051
2002-07-27,9.744482670570008,39.550851629351236,-19.11909992341933,-24.649059921233956
2002-07-28,8.641851574724997,39.06721574558205,-18.732326734135576,-25.318370903713863
2002-07-29,8.342464298665925,40.15677268079817,-18.694303788527364,-24.608902047482793
2002-07-30,8.372071777645491,39.07722683631609,-18.021228588357893,-24.715323283726082
2002-07-31,8.187190675532646,39.62266348615371,-15.96621704882964,-24.329883834875517
2002-08-01,7.476488768063831,38.59465588156422,-16.33578848035385,-24.549411813500242
2002-08-02,7.7589010838626455,39.90593928290214,-16.596611035834684,-23.845921694971043
2002-08-03,6.940031107755832,39.14869938587689,-17.294524863779728,-23.0406317645767
2002-08-04,6.5093552712271325,39.07455854544699,-18.77447166418586,-23.123987885244496
2002-08-05,5.046221138332198,39.365324773962215,-17.77465104527539,-22.487615399795818
2002-08-06,4.8618015770150445,39.76179156030502,-17.012297408562862,-24.511726451826767
2002-08-07,4.9099338621466515,40.72549744393973,-16.350434975401694,-25.165472032899405
2002-08-08,4.429885774494516,40.4911432669894,-17.473849555296397,-24.28726412694766
2002-08-09,3.606282900201883,41.4050889869712,-16.019743417467645,-21.774620692711917
2002-08-10,4.876278883637202,40.432647085819156,-15.613039750146047,-23.77256323915503
2002-08-11,5.26600560939181,41.80442140509449,-15.73533857052619,-22.336631379214896
2002-08-12,4.73682477658842,41.557573526831085,-14.669061915540633,-22.8875926507951
2002-08-13,3.7775603489056144,41.57002930535232,-13.832218767623738,-22.464989692691983
2002-08-14,4.12133114505015,41.34388720946177,-14.112017385960886,-22.75490652320089
2002-08-15,3.5061926652112168,40.58376470340649,-12.875226985055393,-22.98201966690214
2002-08-16,2.834093288281577,38.39788985572906,-13.188845189684997,-24.34124811334661
2002-08-17,3.2736174906508424,38.11857811965085,-14.565862351215413,-23.576483932406283
2002-08-18,2.643704630912562,38.817292787882664,-14.661218466149148,-22.994567196732746
2002-08-19,4.28653988356119,38.980035736915745,-14.10305603680799,-22.922340411814407
2002-08-20,3.7736607437687124,39.41970119147075,-16.052871939963406,-22.489963749313816
2002-08-21,3.8095741409965926,39.7509691308623,-14.742438000022945,-22.53271058055167
2002-08-22,4.926755913906031,40.16200757765913,-15.311931387723547,-22.765497141711137
2002-08-23,3.339678274165525,40.064000492578685,-14.3712272255576,-22.644948224719986
2002-08-24,2.960548774301263,39.749266049687506,-13.620423925886477,-23.572098307416514
2002-08-25,2.127931621672859,39.33423745835199,-13.21037839737237,-24.24724607328446
2002-08-26,3.0283953533465047,39.045729960464435,-12.276900795782412,-24.59950234734938
2002-08-27,3.0526007262125305,38.655223750440186,-13.272741866948225,-24.86701502549104
2002-08-28,4.109400012146092,37.6462181280023,-13.18498842814198,-25.705485666467677
2002-08-29,5.605138041706437,37.46554057174906,-12.180133390172651,-25.439519634250484
2002-08-30,6.728701996953606,38.16023427380733,-12.486300631276727,-25.33176780430557
2002-08-31,7.142770743626246,37.05893990075479,-12.298792434150936,-23.63141424577602
2002-09-01,6.668463621824648,38.767086196150245,-13.15370264992107,-23.525345741648128
2002-09-02,6.755973285296782,37.01854797635192,-12.3076326292767,-24.01083847798999
2002-09-03,9.63827736780641,35.72477942665163,-11.233762876117673,-23.70196164563212
2002-09-04,8.88472915111391,36.150220931500634,-8.178459713962743,-25.590467514213238
2002-09-05,8.223832263400293,37.41953052514302,-7.7739679606110155,-24.203296938231855
2002-09-06,8.775390975775801,37.1728928368136,-5.971839742188623,-23.548673118751807
2002-09-07,8.448197634625252,37.40535747795863,-5.59547940450872,-24.011732294649384
2002-09-08,9.190629037573618,37.000602299683294,-6.036403327089859,-23.594455185925693
2002-09-09,9.229072055214587,35.50277218554299,-7.231525907771707,-24.08221534381457
2002-09-10,9.244473289601247,36.875801210770554,-6.231092260988616,-24.153347743755305
2002-09-11,10.546187708794152,36.0362334886495,-5.0176076989814415,-23.068104333201124
2002-09-12,10.923336302179651,36.992335802723304,-5.925734924833626,-21.749358147081345
2002-09-13,11.022249525743637,37.42318131344859,-2.8275937737871844,-22.927611994097674
2002-09-14,11.19338392560023,35.770104791584174,-3.8592959206879094,-23.402572931216117
2002-09-15,10.137095203151395,37.91355627722418,-6.804195376580076,-23.291720252642172
2002-09-16,8.567799227958231,37.801033991853124,-8.654752278299306,-22.698681260893395
2002-09-17,8.181696406324125,36.948947860153794,-7.337212682234366,-22.916237833804313
2002-09-18,7.7911983349867855,37.38051323310298,-7.351321245237591,-22.13267722706168
2002-09-19,7.880889326428456,37.97932377401504,-6.350965024199738,-23.099834929242146
2002-09-20,7.182227049487481,38.512666060853995,-5.950765274157635,-23.088274420371604
2002-09-21,6.876488126774923,40.15241492994591,-6.469110348490362,-22.154733875037326
2002-09-22,7.684617662233155,39.41359735366121,-6.345699137183003,-20.77328232677369
2002-09-23,7.277928963537373,39.230591712890345,-7.081962852387326,-19.78080125914686
2002-09-24,7.881694630317267,38.69314291250689,-6.823367185910696,-21.40240015537027
2002-09-25,9.575455815237785,37.090035939736595,-6.317619385191336,-21.817009609433786
2002-09-26,9.660547857395404,38.305430302870626,-5.911543956213116,-21.591702196745416
